First Name,Last Name,Company,Position
James,Ortega,Nielsen-Anderson,Marketing Specialist
George,Bowman,Stone-Gonzalez,Operations Manager
Diane,Paul,Mayo-Ferguson,Analyst
Michelle,Hall,Adkins Group,Product Manager
Michelle,Reed,Reed Ltd,Software Engineer
Ricardo,Rodriguez,"Buckley, Thompson and Gordon",Marketing Specialist
Amanda,Smith,Smith-Wall,Project Coordinator
Lance,Chambers,Short-Hensley,Operations Manager
Julie,Jackson,Wilson-Short,Analyst
Kristen,Wallace,"Greene, Burgess and Franklin",Operations Manager
Jamie,Goodman,"Vincent, Townsend and Hall",Analyst
Joanne,Mcdonald,"Lewis, Scott and Powell",Marketing Specialist
Amanda,Harvey,"Baxter, Kramer and Ferguson",Analyst
Crystal,Hubbard,"Schroeder, Harrison and Powell",Sales Executive
Kayla,Gonzalez,Jones-Carter,Product Manager
Andrew,Garcia,"Davis, Hobbs and Leblanc",Designer
Kyle,Carpenter,Short-Hensley,Project Coordinator
Susan,Butler,"Baxter, Kramer and Ferguson",Software Engineer
Mike,Grant,Townsend-Yates,Designer
Stacy,Chapman,Nielsen-Anderson,Data Scientist
Kenneth,Sherman,Johnson Inc,Project Coordinator
Victoria,Leon,James-Greene,Marketing Specialist
Raymond,Jackson,Davila-Howard,Designer
Steven,Anderson,Robinson-Ross,Software Engineer
David,Griffin,Glass PLC,Project Coordinator
Melissa,Miles,Stone-Gonzalez,Operations Manager
Robert,Best,Glass PLC,Data Scientist
Harold,Wright,"Sullivan, Yoder and Dickson",Product Manager
Joshua,Armstrong,Davila-Howard,Product Manager
Pamela,Reyes,Lee-Rogers,Sales Executive
Margaret,Giles,"Perez, Cortez and Rodriguez",Product Manager
Timothy,Orozco,Gregory PLC,Product Manager
Pamela,Alvarez,Daniel-Schmidt,Software Engineer
Gavin,Jones,Wright Inc,Product Manager
John,Stevens,Townsend-Yates,Marketing Specialist
Alexis,Rivera,Short-Hensley,Marketing Specialist
Troy,Rogers,"Dawson, Reyes and Kim",Software Engineer
Jessica,Hudson,"Schroeder, Harrison and Powell",Consultant
Amanda,Schultz,"Le, Robinson and Lamb",Data Scientist
Brandi,Gutierrez,Gomez Ltd,Designer
Gabriel,Chapman,Arroyo PLC,Project Coordinator
Brandon,Johnson,Nielsen-Anderson,Analyst
Matthew,Hall,"Ryan, Mays and Burns",Analyst
Karla,Moore,Thompson-Thompson,Consultant
Scott,Dominguez,Robinson-Ross,Marketing Specialist
Robert,Trujillo,Reed Ltd,Product Manager
David,Jackson,"Sullivan, Yoder and Dickson",Sales Executive
Joshua,Diaz,"Ryan, Mays and Burns",Product Manager
Anita,Gonzalez,Lee-Rogers,Operations Manager
Angelica,Miles,Benson-Oconnell,Product Manager
